<artvert uid="20111121_155941315" alias="" advertName="Streak 7 Box">
    <artwork>
        <file>artverts/yourarthere.jpg</file>
        <title>Your Art Here</title>
        <artist>us</artist>
    </artwork>
</artvert>
<artvert uid="20111122_140842980" alias="" advertName="" />
<artvert uid="20111122_141949493" alias="" advertName="" />
<artvert uid="20111122_223803075" alias="" advertName="" />
<artvert uid="20111124_130107508" alias="" advertName="" />
<artvert uid="20111124_140356630" alias="" advertName="" />
